{
    "name": "Quaternion-DS",
    "K": 4,
    "M": 4,
    "Prior": [
        0.082,
        0.094,
        0.076,
        0.248,
        0.082,
        0.094,
        0.076,
        0.248
    ],
    "Mu": [
        -0.9723076119506591,
        -0.016092107012646035,
        -0.2297517336485911,
        -0.03966223291958068,
        -0.9757903553187806,
        0.01429561281999092,
        -0.2035030090612546,
        -0.07883744810661895,
        -0.9902880591616241,
        0.0138605544367549,
        -0.1278798773018539,
        -0.05276534747229865,
        -0.9953878273600735,
        0.038473155027115485,
        -0.08379333013633342,
        -0.026487115930493816,
        0.9723076119506591,
        0.016092107012646035,
        0.2297517336485911,
        0.03966223291958068,
        0.9757903553187806,
        -0.01429561281999092,
        0.2035030090612546,
        0.07883744810661895,
        0.9902880591616241,
        -0.0138605544367549,
        0.1278798773018539,
        0.05276534747229865,
        0.9953878273600735,
        -0.038473155027115485,
        0.08379333013633342,
        0.026487115930493816
    ],
    "Sigma": [
        5.746817623730749e-05,
        1.0535144383538864e-06,
        1.2251251746420166e-07,
        -6.69571636535693e-06,
        1.0535144383538864e-06,
        6.621187640121207e-05,
        3.5203950119466754e-06,
        -4.9858776037581265e-05,
        1.2251251746420166e-07,
        3.5203950119466754e-06,
        6.072676114854403e-05,
        -2.4621189368190244e-05,
        -6.69571636535693e-06,
        -4.9858776037581265e-05,
        -2.4621189368190244e-05,
        0.00038423738442361355,
        5.770024290541187e-05,
        -4.202371201245114e-05,
        -8.749026892473921e-05,
        -1.056615565175889e-05,
        -4.202371201245114e-05,
        0.00016444928769487888,
        0.00021164688223507255,
        -3.4775050608004676e-06,
        -8.749026892473921e-05,
        0.00021164688223507255,
        0.0004599775420501828,
        3.5155037039658055e-05,
        -1.056615565175889e-05,
        -3.4775050608004676e-06,
        3.5155037039658055e-05,
        7.861961785238236e-05,
        6.90337474225089e-05,
        4.230722424836131e-06,
        -5.005397542845458e-05,
        -2.5052913770196028e-05,
        4.230722424836131e-06,
        6.691579619655386e-05,
        -2.7870562917087227e-05,
        -1.034756496665068e-05,
        -5.005397542845458e-05,
        -2.7870562917087227e-05,
        0.00038092100294306874,
        0.00015715989866293967,
        -2.5052913770196028e-05,
        -1.034756496665068e-05,
        0.00015715989866293967,
        0.00014775914314668626,
        1.254870312550338e-05,
        -1.2165835414634785e-06,
        -5.863378646608908e-06,
        -3.8383268474717624e-06,
        -1.2165835414634785e-06,
        9.890671208268031e-05,
        4.0194216126110405e-05,
        4.479691051528789e-05,
        -5.863378646608908e-06,
        4.0194216126110405e-05,
        8.442240505246446e-05,
        4.961730519426055e-05,
        -3.8383268474717624e-06,
        4.479691051528789e-05,
        4.961730519426055e-05,
        6.434632086893544e-05,
        5.746817623730749e-05,
        1.0535144383538864e-06,
        1.2251251746420166e-07,
        -6.69571636535693e-06,
        1.0535144383538864e-06,
        6.621187640121207e-05,
        3.5203950119466754e-06,
        -4.9858776037581265e-05,
        1.2251251746420166e-07,
        3.5203950119466754e-06,
        6.072676114854403e-05,
        -2.4621189368190244e-05,
        -6.69571636535693e-06,
        -4.9858776037581265e-05,
        -2.4621189368190244e-05,
        0.00038423738442361355,
        5.770024290541187e-05,
        -4.202371201245114e-05,
        -8.749026892473921e-05,
        -1.056615565175889e-05,
        -4.202371201245114e-05,
        0.00016444928769487888,
        0.00021164688223507255,
        -3.4775050608004676e-06,
        -8.749026892473921e-05,
        0.00021164688223507255,
        0.0004599775420501828,
        3.5155037039658055e-05,
        -1.056615565175889e-05,
        -3.4775050608004676e-06,
        3.5155037039658055e-05,
        7.861961785238236e-05,
        6.90337474225089e-05,
        4.230722424836131e-06,
        -5.005397542845458e-05,
        -2.5052913770196028e-05,
        4.230722424836131e-06,
        6.691579619655386e-05,
        -2.7870562917087227e-05,
        -1.034756496665068e-05,
        -5.005397542845458e-05,
        -2.7870562917087227e-05,
        0.00038092100294306874,
        0.00015715989866293967,
        -2.5052913770196028e-05,
        -1.034756496665068e-05,
        0.00015715989866293967,
        0.00014775914314668626,
        1.254870312550338e-05,
        -1.2165835414634785e-06,
        -5.863378646608908e-06,
        -3.8383268474717624e-06,
        -1.2165835414634785e-06,
        9.890671208268031e-05,
        4.0194216126110405e-05,
        4.479691051528789e-05,
        -5.863378646608908e-06,
        4.0194216126110405e-05,
        8.442240505246446e-05,
        4.961730519426055e-05,
        -3.8383268474717624e-06,
        4.479691051528789e-05,
        4.961730519426055e-05,
        6.434632086893544e-05
    ],