{
    "name": "DAMM-LPVDS",
    "K": 6,
    "M": 3,
    "Prior": [
        0.128,
        0.1,
        0.072,
        0.14,
        0.188,
        0.372
    ],
    "Mu": [
        0.5895932432488777,
        -0.13253661094775884,
        0.20031918315265443,
        0.5872128227835478,
        -0.2240149256509526,
        0.22803103503620153,
        0.5798091208838009,
        -0.284922746569735,
        0.22462405077190686,
        0.5701198331604566,
        -0.3310122901492931,
        0.20629431045889174,
        0.5706277159638418,
        -0.36418695029992754,
        0.1620258162875967,
        0.5656945905567236,
        -0.36318724426419763,
        0.09852646650863386
    ],
    "Sigma": [
        1.8800683676545304e-08,
        -2.6729687760962406e-06,
        1.2487707863328978e-06,
        -2.6729687760962406e-06,
        0.0006864567985758185,
        -0.0003060628368984908,
        1.2487707863328978e-06,
        -0.0003060628368984908,
        0.00013688093167729676,
        2.8874171675852267e-06,
        4.013153011328541e-05,
        -3.764782377402298e-06,
        4.013153011328541e-05,
        0.0005734578589908779,
        -5.917039015912451e-05,
        -3.764782377402298e-06,
        -5.917039015912451e-05,
        7.982001989148557e-06,
        6.41180713500944e-06,
        3.277973155491054e-05,
        8.218090442824177e-06,
        3.277973155491054e-05,
        0.0001682194706518203,
        4.18007439293433e-05,
        8.218090442824177e-06,
        4.18007439293433e-05,
        1.0608610864437651e-05,
        5.246643468126422e-06,
        2.8561324143083766e-05,
        1.4453188668994699e-05,
        2.8561324143083766e-05,
        0.00017562454740982503,
        9.196247265208513e-05,
        1.4453188668994699e-05,
        9.196247265208513e-05,
        4.8638321459293365e-05,
        1.0700149459808017e-06,
        -3.3802887173806084e-06,
        -5.195835456106579e-06,
        -3.3802887173806084e-06,
        3.5279561416246e-05,
        0.00011463719420135021,
        -5.195835456106579e-06,
        0.00011463719420135021,
        0.00041990893078036606,
        1.9967810658272356e-06,
        2.5035835733433487e-06,
        2.4239875529019628e-06,
        2.5035835733433487e-06,
        2.8550826755235903e-05,
        -4.5760349166812375e-05,
        2.4239875529019628e-06,
        -4.5760349166812375e-05,
        9.778779349289834e-05
    ],
    "A": [
        -1.136385993114015,
        0.05851539615930473,
        0.1108225625461677,
        0.687595826987181,
        -0.23273820537033216,
        -0.9144329749846447,
        0.9946538171043163,
        0.34182301135809906,
        -0.35968073086443114,
        -0.6569553711757096,
        0.18044263383127845,
        -0.16488865969307956,
        0.4884419231880293,
        -0.6026168637800404,
        -0.6547039583494532,
        -0.8467062255616549,
        0.9076053257570109,
        -0.6437583828724287,
        -4.323307348794144,
        0.9315242859619117,
        -0.28118080348317465,
        -1.1580158468409487,
        -0.6145737718651455,
        -0.4430379846826674,
        -1.5104604525908034,
        0.9107880135065177,
        -0.5794897970955805,
        -1.179228907243159,
        -0.626467881706868,
        0.08172668625099327,
        0.44586627616140284,
        -1.0252839395870352,
        -0.3349597617151875,
        -1.1264183151274654,
        0.42786227372336477,
        -0.3824080738369387,
        -0.004346855587472273,
        0.8710574542407059,
        0.09230197625374148,
        -1.1351206746328535,
        -1.870833527041307,
        -0.41689854665666487,
        0.48884175021133774,
        2.7730603055061884,
        -0.7453142051998819,
        -3.1360104052958118,
        1.3618112108736018,
        0.16303633152735267,
        -2.846545883343085,
        -0.6650127416558554,
        -0.44008384897250574,
        1.159881219827454,
        0.6131320069062866,
        -1.6805736824487767
    ],
    "attractor": [
        0.5676377188618755,
        -0.3570471390142756,
        0.09111732587130862
    ],
    "att_all": [
        0.5676377188618755,
        -0.3570471390142756,
        0.09111732587130862
    ],
    "x_0": [
        0.5893022010703901,
        -0.09550721455301606,
        0.1827824168919515
    ],
    "gripper_open": 0
}