{
    "name": "DAMM-LPVDS",
    "K": 8,
    "M": 3,
    "Prior": [
        0.06,
        0.076,
        0.112,
        0.112,
        0.024,
        0.128,
        0.168,
        0.32
    ],
    "Mu": [
        0.5894749638077198,
        -0.1090291337721698,
        0.18967748387728942,
        0.5896672223537102,
        -0.15668361923394117,
        0.21097242255632684,
        0.5862679869184056,
        -0.23482712697160266,
        0.22852863173246635,
        0.5752676683216447,
        -0.305409532466824,
        0.21775861428448337,
        0.5688930042546416,
        -0.33307623438361267,
        0.20583794385646856,
        0.5692164758570987,
        -0.3517268505228847,
        0.1904075965610921,
        0.5698857573661729,
        -0.3688260972081734,
        0.1392859119860435,
        0.5654359396407633,
        -0.36206649654586126,
        0.0953117254481723
    ],
    "Sigma": [
        7.559671999501916e-09,
        -8.084667797447764e-07,
        4.048232256081974e-07,
        -8.084667797447764e-07,
        9.11340830498375e-05,
        -4.548357901512645e-05,
        4.048232256081974e-07,
        -4.548357901512645e-05,
        2.2706712115905248e-05,
        1.29600232767757e-08,
        1.3216733805165859e-06,
        -4.850549544244132e-07,
        1.3216733805165859e-06,
        0.00034890108508989215,
        -0.00013803192996419966,
        -4.850549544244132e-07,
        -0.00013803192996419966,
        5.479363971971907e-05,
        5.031889941164991e-06,
        5.6624547141836956e-05,
        -1.902118469843117e-06,
        5.6624547141836956e-05,
        0.0006626122631132603,
        -3.0303961466415785e-05,
        -1.902118469843117e-06,
        -3.0303961466415785e-05,
        4.008295036328491e-06,
        1.3707989637623541e-05,
        5.8552574046188965e-05,
        2.201821371272672e-05,
        5.8552574046188965e-05,
        0.00025100825587287545,
        9.370195039082319e-05,
        2.201821371272672e-05,
        9.370195039082319e-05,
        3.5514356568455696e-05,
        1.1273910871523185e-07,
        7.915720061646425e-07,
        3.803760080245411e-07,
        7.915720061646425e-07,
        5.590143246081425e-06,
        2.6881475605478045e-06,
        3.803760080245411e-07,
        2.6881475605478045e-06,
        1.2928419437230332e-06,
        1.185718701890437e-06,
        -7.745957191218622e-06,
        -1.0121330888068769e-05,
        -7.745957191218622e-06,
        6.129471148597077e-05,
        7.283761078724638e-05,
        -1.0121330888068769e-05,
        7.283761078724638e-05,
        9.073691035155207e-05,
        3.890264451911207e-06,
        2.32090587815037e-06,
        3.3429918403271586e-05,
        2.32090587815037e-06,
        3.670674686873099e-06,
        3.0024828447494656e-05,
        3.3429918403271586e-05,
        3.0024828447494656e-05,
        0.0003326848382130265,
        1.6988338984447182e-06,
        5.023969606554601e-06,
        -3.861183358822018e-06,
        5.023969606554601e-06,
        2.4148741431417875e-05,
        -2.7151771064382046e-05,
        -3.861183358822018e-06,
        -2.7151771064382046e-05,
        3.5931447200709954e-05
    ],
    "A": [
        -4.815957691042664,
        0.18229414649959844,
        0.6197011656297092,
        -0.22433519623794163,
        -0.17633291320430675,
        -0.5971432738579625,
        -0.9128745803040396,
        0.3310180496144912,
        -0.09064071777721373,
        -1.1141372127873792,
        0.09929809517331185,
        0.030187686423062285,
        0.6579535096598614,
        -0.3107362310854003,
        -0.9836639707881553,
        1.1922924563699315,
        0.4101884982966895,
        -0.37029628133514475,
        -0.04383830525683524,
        0.17766132703254459,
        -0.2529855203615032,
        -0.4419725078190506,
        -0.5492237725959211,
        -0.5720846405553482,
        0.326393087332319,
        0.8094432875144378,
        -0.7172241140291129,
        -4.2103193700118355,
        0.9586868001808291,
        -0.3072921483666385,
        -0.38402614242367183,
        -0.9743557574784433,
        -0.3240303809022299,
        -2.052520480094743,
        0.7884475157328159,
        -0.4726179965363534,
        -1.50363403430258,
        -0.832829132497667,
        0.11832476554444193,
        0.3365257808052699,
        -1.0836625649788334,
        -0.32196622265895325,
        -1.2805139708023692,
        0.1767746162269122,
        -0.2880623402556052,
        -2.382140149634678,
        -0.9920962846553109,
        0.14099340328560994,
        2.886560958786452,
        -0.672066930758816,
        -0.42164887225049985,
        -2.4381630053632377,
        1.7578196967431021,
        -0.5700750127855152,
        -1.8033767395935814,
        1.396085088941548,
        0.2877906929802426,
        1.7976915191570346,
        -1.5980680188390772,
        -0.6171125961907117,
        -2.285815936077114,
        2.807504448581605,
        -0.6652615175224432,
        -2.6501050858138733,
        0.7438777010108624,
        -0.3555428163878408,
        -3.089994763932109,
        -1.330572017889155,
        -1.374616429636777,
        1.0912077629381953,
        0.7875825809003835,
        -1.509336768754104
    ],
    "attractor": [
        0.5676377188618755,
        -0.3570471390142756,
        0.09111732587130862
    ],
    "att_all": [
        0.5676377188618755,
        -0.3570471390142756,
        0.09111732587130862
    ],
    "x_0": [
        0.5893022010703901,
        -0.09550721455301606,
        0.1827824168919515
    ],
    "gripper_open": 0
}